name,market code,roll out month,roll in month,month,day
norgate,AD,Mar,Jun,Mar,8
,,Jun,Sep,Jun,8
,,Sep,Dec,Sep,8
,,Dec,Mar,Dec,8
norgate,BP,Mar,Jun,Mar,8
,,Jun,Sep,Jun,8
,,Sep,Dec,Sep,8
,,Dec,Mar,Dec,8
norgate,CD,Mar,Jun,Mar,8
,,Jun,Sep,Jun,8
,,Sep,Dec,Sep,8
,,Dec,Mar,Dec,8
norgate,EC,Mar,Jun,Mar,8
,,Jun,Sep,Jun,8
,,Sep,Dec,Sep,8
,,Dec,Mar,Dec,8
norgate,JY,Mar,Jun,Mar,8
,,Jun,Sep,Jun,8
,,Sep,Dec,Sep,8
,,Dec,Mar,Dec,8
norgate,MP,Mar,Jun,Mar,8
,,Jun,Sep,Jun,8
,,Sep,Dec,Sep,8
,,Dec,Mar,Dec,8
norgate,NE,Mar,Jun,Mar,8
,,Jun,Sep,Jun,8
,,Sep,Dec,Sep,8
,,Dec,Mar,Dec,8
norgate,SF,Mar,Jun,Mar,8
,,Jun,Sep,Jun,8
,,Sep,Dec,Sep,8
,,Dec,Mar,Dec,8
norgate,BO,Jan,Mar,Dec,23
,,Mar,May,Feb,23
,,May,Jul,Apr,25
,,Jul,Aug,Jun,25
,,Aug,Sep,Jul,25
,,Sep,Oct,Aug,25
,,Oct,Dec,Sep,25
,,Dec,Jan,Nov,25
norgate,CC,Mar,May,Feb,8
,,May,Jul,Apr,8
,,Jul,Sep,Jun,8
,,Sep,Dec,Aug,8
,,Dec,Mar,Nov,8
norgate,CT,Mar,May,Feb,11
,,May,Jul,Apr,11
,,Jul,Dec,Jun,11
,,Dec,Mar,Nov,11
norgate,DA,Jan,Feb,Jan,27
,,Feb,Mar,Feb,25
,,Mar,Apr,Mar,27
,,Apr,May,Apr,27
,,May,Jun,May,27
,,Jun,Jul,Jun,27
,,Jul,Aug,Jul,27
,,Aug,Sep,Aug,27
,,Sep,Oct,Sep,27
,,Oct,Nov,Oct,27
,,Nov,Dec,Nov,27
,,Dec,Jan,Dec,27
norgate,KC,Mar,May,Feb,14
,,May,Jul,Apr,14
,,Jul,Sep,Jun,14
,,Sep,Dec,Aug,14
,,Dec,Mar,Nov,14
norgate,LB,Jan,Mar,Jan,1
,,Mar,May,Mar,1
,,May,Jul,May,1
,,Jul,Sep,Jul,1
,,Sep,Nov,Sep,1
,,Nov,Jan,Nov,1
norgate,LCC,Mar,May,Feb,26
,,May,Jul,Apr,29
,,Jul,Sep,Jun,29
,,Sep,Dec,Aug,29
,,Dec,Mar,Nov,29
norgate,LRC,Jan,Mar,Dec,28
,,Mar,May,Feb,25
,,May,Jul,Apr,28
,,Jul,Sep,Jun,28
,,Sep,Nov,Aug,28
,,Nov,Jan,Oct,28
norgate,LSU,Mar,May,Feb,9
,,May,Aug,Apr,9
,,Aug,Oct,Jul,9
,,Oct,Dec,Sep,9
,,Dec,Mar,Nov,9
norgate,OJ,Jan,Mar,Dec,26
,,Mar,May,Feb,26
,,May,Jul,Apr,26
,,Jul,Sep,Jun,26
,,Sep,Nov,Aug,26
,,Nov,Jan,Oct,26
norgate,SB,Mar,May,Feb,17
,,May,Jul,Apr,17
,,Jul,Oct,Jun,17
,,Oct,Mar,Sep,17
norgate,ACM,Jan,Mar,Jan,1
,,Mar,May,Mar,1
,,May,Jul,May,1
,,Jul,Jan,Jul,1
norgate,AFB,Jan,Mar,Jan,1
,,Mar,May,Mar,1
,,May,Jul,May,1
,,Jul,Jan,Jul,1
norgate,ASM,Mar,May,Mar,1
,,May,Jul,May,1
,,Jul,Sep,Jul,1
,,Sep,Mar,Sep,1
norgate,AWM,Jan,Mar,Jan,1
,,Mar,May,Mar,1
,,May,Jul,May,1
,,Jul,Jan,Jul,1
norgate,C,Mar,May,Feb,23
,,May,Jul,Apr,25
,,Jul,Sep,Jun,25
,,Sep,Dec,Aug,25
,,Dec,Mar,Nov,25
norgate,KW,Mar,May,Feb,14
,,May,Jul,Apr,14
,,Jul,Sep,Jun,14
,,Sep,Dec,Aug,14
,,Dec,Mar,Nov,14
norgate,LWB,Jan,Mar,Dec,24
,,Mar,May,Feb,22
,,May,Jul,Apr,24
,,Jul,Nov,Jun,24
,,Nov,Jan,Oct,24
norgate,MW,Mar,May,Feb,23
,,May,Jul,Apr,25
,,Jul,Sep,Jun,25
,,Sep,Dec,Aug,25
,,Dec,Mar,Nov,25
norgate,O,Mar,May,Feb,25
,,May,Jul,Apr,27
,,Jul,Sep,Jun,27
,,Sep,Dec,Aug,27
,,Dec,Mar,Nov,27
norgate,RR,Jan,Mar,Dec,27
,,Mar,May,Feb,25
,,May,Jul,Apr,27
,,Jul,Sep,Jun,27
,,Sep,Nov,Aug,27
,,Nov,Jan,Oct,27
norgate,RS,Jan,Mar,Dec,23
,,Mar,Jul,Feb,25
,,Jul,Nov,Jun,25
,,Nov,Jan,Oct,25
norgate,S,Jan,Mar,Dec,23
,,Mar,May,Feb,23
,,May,Jul,Apr,25
,,Jul,Nov,Jun,25
,,Nov,Jan,Oct,25
norgate,SM,Jan,Mar,Dec,23
,,Mar,May,Feb,23
,,May,Jul,Apr,25
,,Jul,Aug,Jun,25
,,Aug,Sep,Jul,25
,,Sep,Oct,Aug,25
,,Oct,Dec,Sep,25
,,Dec,Jan,Nov,25
norgate,W,Mar,May,Feb,23
,,May,Jul,Apr,25
,,Jul,Sep,Jun,25
,,Sep,Dec,Aug,25
,,Dec,Mar,Nov,25
norgate,WAW,Jan,Mar,Jan,1
,,Mar,May,Mar,1
,,May,Jul,May,1
,,Jul,Jan,Jul,1
norgate,DX,Mar,Jun,Mar,9
,,Jun,Sep,Jun,9
,,Sep,Dec,Sep,9
,,Dec,Mar,Dec,9
norgate,EMD,Mar,Jun,Mar,12
,,Jun,Sep,Jun,12
,,Sep,Dec,Sep,12
,,Dec,Mar,Dec,12
norgate,ES,Mar,Jun,Mar,12
,,Jun,Sep,Jun,12
,,Sep,Dec,Sep,12
,,Dec,Mar,Dec,12
norgate,FCE,Jan,Feb,Jan,15
,,Feb,Mar,Feb,15
,,Mar,Apr,Mar,15
,,Apr,May,Apr,15
,,May,Jun,May,15
,,Jun,Jul,Jun,15
,,Jul,Aug,Jul,15
,,Aug,Sep,Aug,15
,,Sep,Oct,Sep,15
,,Oct,Nov,Oct,15
,,Nov,Dec,Nov,15
,,Dec,Jan,Dec,15
norgate,DAX,Mar,Jun,Mar,14
,,Jun,Sep,Jun,14
,,Sep,Dec,Sep,14
,,Dec,Mar,Dec,14
norgate,ESX,Mar,Jun,Mar,14
,,Jun,Sep,Jun,14
,,Sep,Dec,Sep,14
,,Dec,Mar,Dec,14
norgate,SMI,Mar,Jun,Mar,14
,,Jun,Sep,Jun,14
,,Sep,Dec,Sep,14
,,Dec,Mar,Dec,14
norgate,TDX,Mar,Jun,Mar,14
,,Jun,Sep,Jun,14
,,Sep,Dec,Sep,14
,,Dec,Mar,Dec,14
norgate,GI,Jan,Feb,Jan,7
,,Feb,Mar,Feb,7
,,Mar,Apr,Mar,7
,,Apr,May,Apr,7
,,May,Jun,May,7
,,Jun,Jul,Jun,7
,,Jul,Aug,Jul,7
,,Aug,Sep,Aug,7
,,Sep,Oct,Sep,7
,,Oct,Nov,Oct,7
,,Nov,Dec,Nov,7
,,Dec,Jan,Dec,7
norgate,HS,Jan,Feb,Jan,26
,,Feb,Mar,Feb,24
,,Mar,Apr,Mar,26
,,Apr,May,Apr,26
,,May,Jun,May,26
,,Jun,Jul,Jun,26
,,Jul,Aug,Jul,26
,,Aug,Sep,Aug,26
,,Sep,Oct,Sep,26
,,Oct,Nov,Oct,26
,,Nov,Dec,Nov,26
,,Dec,Jan,Dec,26
norgate,KOS,Mar,Jun,Mar,7
,,Jun,Sep,Jun,7
,,Sep,Dec,Sep,7
,,Dec,Mar,Dec,7
norgate,HSM,Jan,Feb,Jan,26
,,Feb,Mar,Feb,24
,,Mar,Apr,Mar,26
,,Apr,May,Apr,26
,,May,Jun,May,26
,,Jun,Jul,Jun,26
,,Jul,Aug,Jul,26
,,Aug,Sep,Aug,26
,,Sep,Oct,Sep,26
,,Oct,Nov,Oct,26
,,Nov,Dec,Nov,26
,,Dec,Jan,Dec,26
norgate,NIY,Mar,Jun,Mar,6
,,Jun,Sep,Jun,6
,,Sep,Dec,Sep,6
,,Dec,Mar,Dec,6
norgate,NK,Mar,Jun,Mar,6
,,Jun,Sep,Jun,6
,,Sep,Dec,Sep,6
,,Dec,Mar,Dec,6
norgate,NQ,Mar,Jun,Mar,12
,,Jun,Sep,Jun,12
,,Sep,Dec,Sep,12
,,Dec,Mar,Dec,12
norgate,NQ,Mar,Jun,Mar,13
,,Jun,Sep,Jun,13
,,Sep,Dec,Sep,13
,,Dec,Mar,Dec,13
norgate,SCN,Jan,Feb,Jan,20
,,Feb,Mar,Feb,20
,,Mar,Apr,Mar,25
,,Apr,May,Apr,25
,,May,Jun,May,25
,,Jun,Jul,Jun,25
,,Jul,Aug,Jul,25
,,Aug,Sep,Aug,25
,,Sep,Oct,Sep,25
,,Oct,Nov,Oct,25
,,Nov,Dec,Nov,25
,,Dec,Jan,Dec,25
norgate,SIN,Jan,Feb,Jan,24
,,Feb,Mar,Feb,22
,,Mar,Apr,Mar,24
,,Apr,May,Apr,24
,,May,Jun,May,24
,,Jun,Jul,Jun,24
,,Jul,Aug,Jul,24
,,Aug,Sep,Aug,24
,,Sep,Oct,Sep,24
,,Oct,Nov,Oct,24
,,Nov,Dec,Nov,24
,,Dec,Jan,Dec,24
norgate,SNI,Mar,Jun,Mar,5
,,Jun,Sep,Jun,5
,,Sep,Dec,Sep,5
,,Dec,Mar,Dec,5
norgate,SP,Mar,Jun,Mar,12
,,Jun,Sep,Jun,12
,,Sep,Dec,Sep,12
,,Dec,Mar,Dec,12
norgate,SPIM,Mar,Jun,Mar,15
,,Jun,Sep,Jun,15
,,Sep,Dec,Sep,15
,,Dec,Mar,Dec,15
norgate,SSG,Jan,Feb,Jan,26
,,Feb,Mar,Feb,24
,,Mar,Apr,Mar,26
,,Apr,May,Apr,26
,,May,Jun,May,26
,,Jun,Jul,Jun,26
,,Jul,Aug,Jul,26
,,Aug,Sep,Aug,26
,,Sep,Oct,Sep,26
,,Oct,Nov,Oct,26
,,Nov,Dec,Nov,26
,,Dec,Jan,Dec,26
norgate,STW,Jan,Feb,Jan,20
,,Feb,Mar,Feb,20
,,Mar,Apr,Mar,26
,,Apr,May,Apr,26
,,May,Jun,May,26
,,Jun,Jul,Jun,26
,,Jul,Aug,Jul,26
,,Aug,Sep,Aug,26
,,Sep,Oct,Sep,26
,,Oct,Nov,Oct,26
,,Nov,Dec,Nov,26
,,Dec,Jan,Dec,26
norgate,SXF,Mar,Jun,Mar,13
,,Jun,Sep,Jun,13
,,Sep,Dec,Sep,13
,,Dec,Mar,Dec,13
norgate,TF,Mar,Jun,Mar,13
,,Jun,Sep,Jun,13
,,Sep,Dec,Sep,13
,,Dec,Mar,Dec,13
norgate,VX,Jan,Feb,Jan,12
,,Feb,Mar,Feb,12
,,Mar,Apr,Mar,12
,,Apr,May,Apr,12
,,May,Jun,May,12
,,Jun,Jul,Jun,12
,,Jul,Aug,Jul,12
,,Aug,Sep,Aug,12
,,Sep,Oct,Sep,12
,,Oct,Nov,Oct,12
,,Nov,Dec,Nov,12
,,Dec,Jan,Dec,12
norgate,YAP,Mar,Jun,Mar,15
,,Jun,Sep,Jun,15
,,Sep,Dec,Sep,15
,,Dec,Mar,Dec,15
norgate,YM,Mar,Jun,Mar,12
,,Jun,Sep,Jun,12
,,Sep,Dec,Sep,12
,,Dec,Mar,Dec,12
norgate,BAX,Mar,Jun,Mar,1
,,Jun,Sep,Jun,1
,,Sep,Dec,Sep,1
,,Dec,Mar,Dec,1
norgate,CGB,Mar,Jun,Mar,3
,,Jun,Sep,Jun,3
,,Sep,Dec,Sep,3
,,Dec,Mar,Dec,3
norgate,ED,Mar,Jun,Dec,12
,,Jun,Sep,Mar,12
,,Sep,Dec,Jun,12
,,Dec,Mar,Sep,12
norgate,BTP,Mar,Jun,Mar,4
,,Jun,Sep,Jun,4
,,Sep,Dec,Sep,4
,,Dec,Mar,Dec,4
norgate,FF,Jan,Feb,Jan,28
,,Feb,Mar,Feb,26
,,Mar,Apr,Mar,28
,,Apr,May,Apr,28
,,May,Jun,May,28
,,Jun,Jul,Jun,28
,,Jul,Aug,Jul,28
,,Aug,Sep,Aug,28
,,Sep,Oct,Sep,28
,,Oct,Nov,Oct,28
,,Nov,Dec,Nov,28
,,Dec,Jan,Dec,28
norgate,GBL,Mar,Jun,Mar,4
,,Jun,Sep,Jun,4
,,Sep,Dec,Sep,4
,,Dec,Mar,Dec,4
norgate,GBM,Mar,Jun,Mar,4
,,Jun,Sep,Jun,4
,,Sep,Dec,Sep,4
,,Dec,Mar,Dec,4
norgate,GBS,Mar,Jun,Mar,4
,,Jun,Sep,Jun,4
,,Sep,Dec,Sep,4
,,Dec,Mar,Dec,4
norgate,GBX,Mar,Jun,Mar,4
,,Jun,Sep,Jun,4
,,Sep,Dec,Sep,4
,,Dec,Mar,Dec,4
norgate,FV,Mar,Jun,Feb,26
,,Jun,Sep,May,28
,,Sep,Dec,Aug,28
,,Dec,Mar,Nov,28
norgate,LES,Mar,Jun,Dec,12
,,Jun,Sep,Mar,12
,,Sep,Dec,Jun,12
,,Dec,Mar,Sep,12
norgate,LEU,Mar,Jun,Dec,12
,,Jun,Sep,Mar,12
,,Sep,Dec,Jun,12
,,Dec,Mar,Sep,12
norgate,LLG,Mar,Jun,Feb,25
,,Jun,Sep,May,27
,,Sep,Dec,Aug,27
,,Dec,Mar,Nov,27
norgate,LSS,Mar,Jun,Dec,12
,,Jun,Sep,Mar,12
,,Sep,Dec,Jun,12
,,Dec,Mar,Sep,12
norgate,SJB,Mar,Jun,Mar,6
,,Jun,Sep,Jun,6
,,Sep,Dec,Sep,6
,,Dec,Mar,Dec,6
norgate,TU,Mar,Jun,Feb,26
,,Jun,Sep,May,28
,,Sep,Dec,Aug,28
,,Dec,Mar,Nov,28
norgate,TY,Mar,Jun,Feb,26
,,Jun,Sep,May,28
,,Sep,Dec,Aug,28
,,Dec,Mar,Nov,28
norgate,UL,Mar,Jun,Feb,26
,,Jun,Sep,May,28
,,Sep,Dec,Aug,28
,,Dec,Mar,Nov,28
norgate,US,Mar,Jun,Feb,26
,,Jun,Sep,May,28
,,Sep,Dec,Aug,28
,,Dec,Mar,Nov,28
norgate,YIB,Jan,Feb,Jan,1
,,Feb,Mar,Feb,1
,,Mar,Apr,Mar,1
,,Apr,May,Apr,1
,,May,Jun,May,1
,,Jun,Jul,Jun,1
,,Jul,Aug,Jul,1
,,Aug,Sep,Aug,1
,,Sep,Oct,Sep,1
,,Oct,Nov,Oct,1
,,Nov,Dec,Nov,1
,,Dec,Jan,Dec,1
norgate,YIR,Mar,Jun,Dec,12
,,Jun,Sep,Mar,12
,,Sep,Dec,Jun,12
,,Dec,Mar,Sep,12
norgate,YXB,Mar,Jun,Mar,12
,,Jun,Sep,Jun,12
,,Sep,Dec,Sep,12
,,Dec,Mar,Dec,12
norgate,YYB,Mar,Jun,Mar,12
,,Jun,Sep,Jun,12
,,Sep,Dec,Sep,12
,,Dec,Mar,Dec,12
norgate,FC,Jan,Mar,Dec,23
,,Mar,Apr,Feb,24
,,Apr,May,Mar,24
,,May,Aug,Apr,24
,,Aug,Sep,Jul,24
,,Sep,Oct,Aug,24
,,Oct,Nov,Sep,24
,,Nov,Jan,Oct,24
norgate,LC,Feb,Apr,Jan,23
,,Apr,Jun,Mar,23
,,Jun,Aug,May,23
,,Aug,Oct,Jul,23
,,Oct,Dec,Sep,23
,,Dec,Feb,Nov,23
norgate,LH,Feb,Apr,Jan,23
,,Apr,Jun,Mar,23
,,Jun,Aug,May,23
,,Aug,Oct,Jul,23
,,Oct,Dec,Sep,23
,,Dec,Feb,Nov,23
norgate,GC,Feb,Apr,Jan,25
,,Apr,Jun,Mar,25
,,Jun,Aug,May,25
,,Aug,Dec,Jul,25
,,Dec,Feb,Nov,25
norgate,HG,Mar,May,Feb,25
,,May,Jul,Apr,25
,,Jul,Sep,Jun,25
,,Sep,Dec,Aug,25
,,Dec,Mar,Nov,25
norgate,PA,Mar,Jun,Feb,24
,,Jun,Sep,May,26
,,Sep,Dec,Aug,26
,,Dec,Mar,Nov,26
norgate,PL,Jan,Apr,Dec,23
,,Apr,Jul,Mar,25
,,Jul,Oct,Jun,25
,,Oct,Jan,Sep,25
norgate,SI,Mar,May,Feb,25
,,May,Jul,Apr,25
,,Jul,Sep,Jun,25
,,Sep,Dec,Aug,25
,,Dec,Mar,Nov,25
norgate,YG,Feb,Apr,Jan,25
,,Apr,Jun,Mar,25
,,Jun,Aug,May,25
,,Aug,Dec,Jul,25
,,Dec,Feb,Nov,25
norgate,YI,Mar,May,Feb,25
,,May,Jul,Apr,25
,,Jul,Sep,Jun,25
,,Sep,Dec,Aug,25
,,Dec,Mar,Nov,25
norgate,ZG,Feb,Apr,Jan,25
,,Apr,Jun,Mar,25
,,Jun,Aug,May,25
,,Aug,Dec,Jul,25
,,Dec,Feb,Nov,25
norgate,ZI,Mar,May,Feb,25
,,May,Jul,Apr,25
,,Jul,Sep,Jun,25
,,Sep,Dec,Aug,25
,,Dec,Mar,Nov,25
norgate,BC,Jan,Feb,Nov,28
,,Feb,Mar,Dec,28
,,Mar,Apr,Jan,28
,,Apr,May,Feb,26
,,May,Jun,Mar,28
,,Jun,Jul,Apr,28
,,Jul,Aug,May,28
,,Aug,Sep,Jun,28
,,Sep,Oct,Jul,28
,,Oct,Nov,Aug,28
,,Nov,Dec,Sep,28
,,Dec,Jan,Oct,28
norgate,CL,Jan,Feb,Dec,14
,,Feb,Mar,Jan,14
,,Mar,Apr,Feb,14
,,Apr,May,Mar,14
,,May,Jun,Apr,14
,,Jun,Jul,May,14
,,Jul,Aug,Jun,14
,,Aug,Sep,Jul,14
,,Sep,Oct,Aug,14
,,Oct,Nov,Sep,14
,,Nov,Dec,Oct,14
,,Dec,Jan,Nov,14
norgate,AC,Jan,Feb,Dec,27
,,Feb,Mar,Jan,27
,,Mar,Apr,Feb,25
,,Apr,May,Mar,27
,,May,Jun,Apr,27
,,Jun,Jul,May,27
,,Jul,Aug,Jun,27
,,Aug,Sep,Jul,27
,,Sep,Oct,Aug,27
,,Oct,Nov,Sep,27
,,Nov,Dec,Oct,27
,,Dec,Jan,Nov,27
norgate,GO,Jan,Feb,Jan,8
,,Feb,Mar,Feb,8
,,Mar,Apr,Mar,8
,,Apr,May,Apr,8
,,May,Jun,May,8
,,Jun,Jul,Jun,8
,,Jul,Aug,Jul,8
,,Aug,Sep,Aug,8
,,Sep,Oct,Sep,8
,,Oct,Nov,Oct,8
,,Nov,Dec,Nov,8
,,Dec,Jan,Dec,8
norgate,HO,Jan,Feb,Dec,25
,,Feb,Mar,Jan,25
,,Mar,Apr,Feb,25
,,Apr,May,Mar,25
,,May,Jun,Apr,25
,,Jun,Jul,May,25
,,Jul,Aug,Jun,25
,,Aug,Sep,Jul,25
,,Sep,Oct,Aug,25
,,Oct,Nov,Sep,25
,,Nov,Dec,Oct,25
,,Dec,Jan,Nov,25
norgate,NG,Jan,Feb,Dec,16
,,Feb,Mar,Jan,16
,,Mar,Apr,Feb,16
,,Apr,May,Mar,16
,,May,Jun,Apr,16
,,Jun,Jul,May,16
,,Jul,Aug,Jun,16
,,Aug,Sep,Jul,16
,,Sep,Oct,Aug,16
,,Oct,Nov,Sep,16
,,Nov,Dec,Oct,16
,,Dec,Jan,Nov,16
norgate,RB,Jan,Feb,Dec,27
,,Feb,Mar,Jan,27
,,Mar,Apr,Feb,25
,,Apr,May,Mar,27
,,May,Jun,Apr,27
,,Jun,Jul,May,27
,,Jul,Aug,Jun,27
,,Aug,Sep,Jul,27
,,Sep,Oct,Aug,27
,,Oct,Nov,Sep,27
,,Nov,Dec,Oct,27
,,Dec,Jan,Nov,27
norgate,WT,Jan,Feb,Dec,15
,,Feb,Mar,Jan,15
,,Mar,Apr,Feb,15
,,Apr,May,Mar,15
,,May,Jun,Apr,15
,,Jun,Jul,May,15
,,Jul,Aug,Jun,15
,,Aug,Sep,Jul,15
,,Sep,Oct,Aug,15
,,Oct,Nov,Sep,15
,,Nov,Dec,Oct,15
,,Dec,Jan,Nov,15
